Window,Prophet_Accuracy,Prophet_F1,LSTM_Accuracy,LSTM_F1,Better_Model
1h,0.7031746031746032,0.80042689434365,0.7788778877887789,0.8397129186602871,LSTM
3h,0.6825396825396826,0.7747747747747747,0.7343234323432343,0.8099173553719008,LSTM
8h,0.6746031746031746,0.7277556440903055,0.6584158415841584,0.764505119453925,LSTM
24h,0.6222222222222222,0.6884816753926701,0.6534653465346535,0.7494033412887828,LSTM
