Window,Prophet_Accuracy,Prophet_F1,LSTM_Accuracy,LSTM_F1,Better_Model
1h,0.7031746031746032,0.80042689434365,0.7755775577557755,0.8365384615384616,LSTM
3h,0.6825396825396826,0.7747747747747747,0.7260726072607261,0.7965686274509803,LSTM
8h,0.6746031746031746,0.7277556440903055,0.6914191419141914,0.7771156138259833,LSTM
24h,0.6222222222222222,0.6884816753926701,0.6155115511551155,0.7061790668348046,LSTM
